|  Main Features  |  Radio  |  Connection of External Devices  |  USB (MP3/WMA)  |  BluetoothBluetooth is a registered trademark of Bluetooth SIG®   |  Satellite Radio Ready  |
------------,------------,------------,------------,------------,------------
(A)—Touch Screen Radio,X,X,X,X,United States/Canada
(B)—AM/FM Radio,X,X,,X,Not Available

|  Wave Bands (United States/Canada)  | |  Wave Bands (All Other Countries)  | |
------------,------------,------------,------------
FM,87.7—107.9 MHz,UKW (FM),87.5—108.0 MHz
AM,530—1710 kHz,MW,522—1629 kHz
WX,162.4—162.55 MHz,LW,153—279 kHz

|  Separator Status  |  Disengaged  |
------------,------------
Chopper Position,Fully Raised

|  Feeder House Lower Shaft Speeds  | |
------------,------------
Fixed Speed (if equipped),520 rpm
Variable Speed (if equipped),520-780 rpm

|  Engine State  |  Running  |
------------,------------
Wheel Speed,0 km/h (0 mph)
Operator,In Seat
Machine State,Park Brake Engaged

|  Recommended Interval  |  See “Perform Calibration When” section for more information.  |
------------,------------
Estimated Time Required,Approximately 1 min

|  Engine State  |  Running  |
------------,------------
Operating State,Parked on a level surface

|  Engine State  |  Running  |
------------,------------
Operating State,Parked on a level surface

|  Crop Type  |  Corn  |
------------,------------
Accepted Samples,10
Last Accepted,32 min ago

|  Recommended Interval  |  As Needed  |
------------,------------
Estimated Time Required,Approximately 1-2 min

|  Engine State  |  Running at high idle  |
------------,------------
Operating State,Unloading auger disengaged Parked on a level surface

|  Estimated Time Required  |  Approximately 5 min  |
------------,------------

|  Engine State  |  Running  |
------------,------------
Operating State,Parked on a level surface

|  Recommended Interval  |  As Needed  |
------------,------------
Estimated Time Required,Approximately 1-2 min

|  Engine State  |  Running at high idle  |
------------,------------
Operating State,Parked on a level surface

|  Recommended Interval  |  As Needed  |
------------,------------
Estimated Time Required,Approximately 3-4 min

|  Engine State  |  Running at high idle  |
------------,------------
Operating State,Parked on a level surface

|  Recommended Interval  |  As Needed  |
------------,------------
Estimated Time Required,Approximately 1 min

|  Engine State  |  Running at high idle  |
------------,------------
Operating State,Parked on a level surface

|  Recommended Interval  |  As Needed  |
------------,------------
Estimated Time Required,Approximately 5 min

|  Engine State  |  Running at high idle  |
------------,------------
Operating State,Parked on a level surface

|  Recommended Interval  |  As Needed  |
------------,------------
Estimated Time Required,Approximately 5 min

|  Engine State  |  Running at high idle  |
------------,------------
Operating State,Parked on a level surface

|  Recommended Interval  |  As Needed  |
------------,------------
Estimated Time Required,Approximately 3-4 min

|  Engine State  |  Running at high idle  |
------------,------------
Operating State,Parked on a level surface

|  Recommended Interval  |  As Needed  |
------------,------------
Estimated Time Required,Approximately 3-4 min

|  Engine State  |  Running at high idle  |
------------,------------
Operating State,Separator disengaged Parked on a level surface

|  Recommended Interval  |  As Needed  |
------------,------------
Estimated Time Required,Approximately 3-4 min

|  Engine State  |  Combine in field mode Running at high idle  |
------------,------------
Operating State,Parked on a level surface

"|  622X, 625X, 722X, and 725X Extendable Platforms  |  5 cm (2 in)  |"
------------,------------
"630X, 640X, 730X, and 740X Extendable Platforms",6 cm (2-3/8 in)
635X and 735X Extendable Platforms,7 cm (2-13/16 in)

|  Recommended Interval  |  As Needed  |
------------,------------
Estimated Time Required,Approximately 1-2 min

|  Engine State  |  Running  |
------------,------------
Operating State,Parked on a level surface

|  Recommended Interval  |  As Needed  |
------------,------------
Estimated Time Required,Approximately 4min

|  Engine State  |  OFF  |
------------,------------
Operating State,Parked on a level surface

|  Recommended Interval  |  As Needed  |
------------,------------
Estimated Time Required,Approximately 4 min

|  Engine State  |  OFF  |
------------,------------
Operating State,Parked on a level surface

|  Recommended Interval  |  As Needed  |
------------,------------
Estimated Time Required,Approximately 5 min

|  Engine State  |  Not running  |
------------,------------
Operating State,Parked on a level surface

|  Recommended Interval  |  As Needed  |
------------,------------
Estimated Time Required,Approximately 5 min

|  Engine State  |  Not running  |
------------,------------
Operating State,Parked on a level surface

|  Recommendations  |  Ensure that the machine is in park. Ensure that the key is in the ON position. Ensure that ample volume is available in the hydraulic reservoir for discharge.  |
------------,------------
""

|  Engine State  |  Running  |
------------,------------
Machine State,Parked on a level surface
Header State,Not engaged

|  Recommended Interval  |  As Needed  |
------------,------------
Last Run,Displays Date When Procedure Was Last Performed

|  Operating State  |  Harvesting and separating functions are stopped. Ensure that accidental activation of machinery is not possible.  |
------------,------------
Engine State,Key switch in the RUN position is required. Can also be performed with the engine running.

|  Recommended Interval  |  As Needed  |
------------,------------
Estimated Time Required,Approximately 5 min

|  Engine State  |  Machine in field mode Running at high idle  |
------------,------------
Operating State,Parked on a level surface

|  Recommended Interval  |  As Needed  |
------------,------------
Estimated Time Required,Approximately 2 min

|  Engine State  |  Machine in field mode  |
------------,------------
Operating State,Header must be disengaged

|  Recommended Interval  |  As Needed  |
------------,------------
Estimated Time Required,Approximately 2 min

|  Engine State  |  Machine in field mode Running at high idle  |
------------,------------

|  Recommended Interval  |  As Needed  |
------------,------------
Estimated Time Required,Approximately 1 min

|  Engine State  |  Set to high idle  |
------------,------------
Operating State,Header must be disengaged Separator must be engaged

|  Recommended Interval  |  As Needed  |
------------,------------
Estimated Time Required,Approximately 1—2 min

|  Engine State  |  Running  |
------------,------------
Operating State,Parked on a level surface

|  Recommended Interval  |  As Needed  |
------------,------------
Estimated Time Required,Approximately 1—2 min

|  Engine State  |  Running  |
------------,------------
Operating State,Parked on a level surface

|  **Current State of Radio**  |  **Apple ® CarPlay ® Not Running**  | |
------------,------------,------------
**Short Press**,**Long Press**
**Idle**,Start Native VR Session,
**Idle (Phone Connected Through Bluetooth ®)**,Start Native VR Session,Start Device VR (SiriSiri is a trademark of Apple Inc.® or Other Phone Voice Assistant)
**Incoming Phone Call**,Accept Phone Call,–
**Active Phone Call**,Start Native VR Session
**Listening for Command**,–,Aborts Native VR Session
**Processing Command**
**Playing Voice Prompt**,Interrupts Voice Prompt

|  **Current State of Radio**  |  **Apple ® CarPlay ® Running**  | |
------------,------------,------------
**Short Press**,**Long Press**
**Idle**,Talk to SiriSiri is a trademark of Apple Inc.®,
**Incoming Phone Call**,Accept Phone Call,
**Active Phone Call**,–,
**Active VR Session**,Ends VR Session,

|  Engine State  |  Running  |
------------,------------
Road Transport Disconnect Switch,Field Position
Header and Separator Switch,Engaged

|  Concave Type  |  Corn  |  Soybeans  |  Wheat Barely Small Grains  |  Popcorn Food Corn  |  Sorghum (Milo) Sunflowers (Confection)  |  Sunflowers (Oil)  |  Canola  |
------------,------------,------------,------------,------------,------------,------------,------------
Small Wire,NR,NR,Best,NR,NR,Average,Best
Large Wire,Good,Good,Good,NR,Best,Best,Good
Round Bar,Best,Best,Average,Best,Average,Best,Average
Best = Provides best level of performance. Good = Provides a good level of performance. Average = Provides an average level of performance. NR = Not recommended.,,,,,,,

|  **Threshing Element Groups**  |  **Separator Tine Groups**  | |
------------,------------,------------
"**Group 1 Elements =** 1, 2, 3","**Group 1 Tines =** 1, 2","**Group 8 Tines =** 15, 16"
"**Group 2 Elements =** 4, 5, 6","**Group 2 Tines =** 3, 4","**Group 9 Tines =** 17, 18"
"**Group 3 Elements =** 7, 8, 9","**Group 3 Tines =** 5, 6","**Group 10 Tines =** 19, 20"
"**Group 4 Elements =** 10, 11, 12","**Group 4 Tines =** 7, 8","**Group 11 Tines =** 21, 22"
"**Group 5 Elements =** 13, 14, 15","**Group 5 Tines =** 9, 10","**Group 12 Tines =** 23, 24"
,"**Group 6 Tines =** 11, 12","**Group 13 Tines =** 25, 26"
,"**Group 7 Tines =** 13, 14",

|  Configuration  |  Transport Speed 40 km/h (25 mph)  | |  Harvest Speed 10 km/h (6 mph)   | | | |
------------,------------,------------,------------,------------,------------,------------
Approximate Header Mass,"No Head/ TransportIndicates road transport configuration (no header, no grain in tank).",4500—5500 kg,1500—2500 kg,3500—4500 kg,4500—5500 kg,5500—6200 kg
9900—12 100 lb,3300—5500 lb,7700—9900 lb,9900—12 100 lb,12 100—13 700 lb
Belt Pickup/Draper Heads,Not Applicable,Not Applicable,BP15,RD30F RD35F RD40F 735X,HD35R/F/X HD40R/X HD45R/X RD45F 740X,HD40F HD45F HD50R HD50F
Corn Heads,Not Applicable,C12F C16F C18F,Not Applicable,C12R,C12F C16R C18R,C16F C18F
Front Tire Size,Tire Pressure - bar/kPa (psi),,,,,
IF 800/60R38 CFO+193A8 R-1W Michelin® CEREXBIB2,1.2/120 (17),2.6/260 (41)30 km/h (19 mph) max speed.,2.1/210 (30),2.4/240 (35),2.6/260 (38),2.8/280 (41)
VF 900/60R38 CFO+ 193A8 R-1W Michelin® CEREXBIB2,1.2/120 (17),2.6/260 (41),2.1/210 (30),2.4/240 (35),2.6/260 (38),2.8/280 (41)
IF 1100/50R42 CFO 197B R-1W Firestone® MAXI TRACTION,1.2/120 (17),2.4/240 (35),1.8/180 (26),2.0/200 (29),2.4/240 (35),2.4/240 (35)
LSW 1100/45R46 CFO 201D R-1W Goodyear® DT930 LSW,1.2/120 (17),2.4/240 (35),1.8/180 (26),2.0/200 (29),2.4/240 (35),2.4/240 (35)
VF 580/85R42 CFO 183B R-2 Duals Goodyear® CUSTOM FLO GRIP,1.2/120 (17),1.8/180 (26),1.6/160 (23),1.8/180 (26),2.0/200 (29),2.2/220 (32)
VF 580/85R42 CFO 183B R-1W Duals Firestone® DEEP TREAD 23,1.2/120 (17),1.8/180 (26),1.6/160 (23),1.8/180 (26),2.0/200 (29),2.2/220 (32)
IF 580/85R42 CFO 178A8 R-1W Duals Goodyear® OPTITRAC H+,1.2/120 (17),1.8/180 (26),1.6/160 (23),1.8/180 (26),2.0/200 (29),2.2/220 (32)
650/85R38 173A8/B R-1W Duals Michelin® MACHXBIB,1.2/120 (17),1.7/170 (25),1.7/170 (25),2.1/210 (30),2.4/240 (35),2.4/240 (35)
650/85R38 173A8 R-1W Duals Firestone® DEEP TREAD 23,1.2/120 (17),1.7/170 (25),1.7/170 (25),2.1/210 (30),2.4/240 (35),2.4/240 (35)
650/85R38 173D R-1W Duals Goodyear® OPTITRAC,1.2/120 (17),1.7/170 (25),1.7/170 (25),2.1/210 (30),2.4/240 (35),2.4/240 (35)
650/85R38 176A8 R-1W Duals Mitas® SFT,1.2/120 (17),1.7/170 (25),1.7/170 (25),2.1/210 (30),2.4/240 (35),2.4/240 (35)
VF 710/70R42 CFO 184B R-1W Duals Firestone® MAXI TRACTION,1.2/120 (17),1.6/160 (23),1.4/140 (20),1.6/160 (23),1.8/180 (26),2.0/200 (29)
VF 710/70R42 CFO 193B R-1W Duals Mitas® HC 3000,1.2/120 (17),1.6/160 (23),1.4/140 (20),1.6/160 (23),1.8/180 (26),2.0/200 (29)

|  Configuration  |  Transport Speed 40 km/h (25 mph)  | |  Harvest Speed 10 km/h (6 mph)   | | | |
------------,------------,------------,------------,------------,------------,------------
Approximate Header Mass,"No Head/ TransportIndicates road transport configuration (no header, no grain in tank).",4500—5500 kg,1500—2500 kg,3500—4500 kg,4500—5500 kg,5500—6200 kg
9900—12 100 lb,3300—5500 lb,7700—9900 lb,9900—12 100 lb,12 100—13 700 lb
Belt Pickup/Draper Heads,Not Applicable,Not Applicable,BP15,RD30F RD35F RD40F 735X,HD35R/F/X HD40R/X HD45R/X RD45F 740X,HD40F HD45F HD50R HD50F
Corn Heads,Not Applicable,C12F C16F C18F,Not Applicable,C12R,C12F C16R C18R,C16F C18F
Rear Tire Size,Tire Pressure - bar/kPa (psi),,,,,
500/85R30 IMP 179A8/160A8 Mitas® SFT N,3.2/320 (46),2.0/200 (29),2.6/260 (41),2.0/200 (29),2.0/200 (29),2.0/200 (29)
VF 620/70R26 CFO+ 173A8 Michelin® CEREXBIB2,2.4/240 (35),1.4/140 (20),1.4/140 (20),1.4/140 (20),1.4/140 (20),1.4/140 (20)
VF 620/75R26 CFO 172B Firestone® Radial All Traction DT,2.4/240 (35),1.4/140 (20),1.4/140 (20),1.4/140 (20),1.4/140 (20),1.4/140 (20)
VF 620/75R26 CFO 178D Goodyear® Optitrac,2.4/240 (35),1.4/140 (20),1.4/140 (20),1.4/140 (20),1.4/140 (20),1.4/140 (20)
VF 710/65R26 177D R-2 Goodyear® Special Sure Grip TD8,2.4/240 (35),1.4/140 (20),1.4/140 (20),1.4/140 (20),1.4/140 (20),1.4/140 (20)
VF 750/60R30 CFO 180D Goodyear® Optitrac LSW,1.8/180 (26),1.4/140 (20),1.4/140 (20),1.4/140 (20),1.2/120 (17),1.2/120 (17)
VF 750/65R26 CFO+ 180A8 Michelin® CEREXBIB2,1.8/180 (26),1.4/140 (20),1.4/140 (20),1.4/140 (20),1.2/120 (17),1.2/120 (17)
VF 750/65R26 177B Firestone® MAXI TRACTION,1.8/180 (26),1.4/140 (20),1.4/140 (20),1.4/140 (20),1.2/120 (17),1.2/120 (17)
VF 750/65R26 177D Goodyear® Optitrac DT830,1.8/180 (26),1.4/140 (20),1.4/140 (20),1.4/140 (20),1.2/120 (17),1.2/120 (17)
VF 750/65R26 CFO 180B Mitas® HC 3000,1.8/180 (26),1.4/140 (20),1.4/140 (20),1.4/140 (20),1.2/120 (17),1.2/120 (17)

|  Tire SpacingSpacings calculated based on nominal dimensions specified by tire supplier.  | | | | | |
------------,------------,------------,------------,------------,------------
Tires/Tracks,Width mm (in),Default Spacer mm (in),Centerline Width mm (in),Outside Width  mm (in),Inside Width mm (in)
IF 800/60R38 CFO+ 193A8 R-1W Michelin® CEREXBIB2 Add 508 mm (20 in) to width dimensions if using 254 mm (10 in) axle spacers.Add 696 mm (27.4 in) to width dimensions if using 348 mm (13.7 in) axle spacers.Add 789 mm (31.4 in) to width dimensions if using 399 mm (15.7 in) axle spacers.,790 (31.1),0 (0.0),3010 (118.5),3800 (149.6),2220 (87.4)
VF 900/60R38 CFO+ 193A8 R-1W Michelin® CEREXBIB2 Add 508 mm (20 in) to width dimensions if using 254 mm (10 in) axle spacers.Add 696 mm (27.4 in) to width dimensions if using 348 mm (13.7 in) axle spacers.Add 789 mm (31.4 in) to width dimensions if using 399 mm (15.7 in) axle spacers.,880 (34.6),0 (0.0),3148 (123.9),4028 (158.6),2268 (89.3)
IF 1100/50R42 CFO 197B R-1W Firestone® MAXI TRACTION Add 696 mm (27.4 in) to width dimensions if using 348 mm (13.7 in) axle spacers.Add 789 mm (31.4 in) to width dimensions if using 399 mm (15.7 in) axle spacers.,1110 (43.7),254 (10.0),3480 (137.0),4590 (180.7),2370 (93.3)
LSW 1100/45R46 CFO 201D R-1W Goodyear® DT930 LSW Add 696 mm (27.4 in) to width dimensions if using 348 mm (13.7 in) axle spacers.Add 789 mm (31.4 in) to width dimensions if using 399 mm (15.7 in) axle spacers.,1029 (40.5),254 (10.0),3480 (137.0),4509 (177.5),2451 (96.5)
VF 580/85R42 CFO 183B R-2 Duals Goodyear® CUSTOM FLO GRIP 762 mm (30 in) row,1317 (51.9),348 (13.7),3778 (148.7),5095 (200.6),2461 (96.9)
VF 580/85R42 CFO 183B R-1W Duals Firestone® DEEP TREAD 23 762 mm (30 in) row,1330 (52.4),348 (13.7),3778 (148.7),5108 (201.1),2448 (96.4)
IF 580/85R42 CFO 178A8 R-1W Duals Goodyear® OPTITRAC H+ 762 mm (30 in) row,1337 (52.6),348 (13.7),3778 (148.7),5115 (201.4),2441 (96.1)
650/85R38 173A8/B R-1W Duals Michelin® MACHXBIB,1476 (58.1),348 (13.7),3778 (148.7),5254 (206.9),2302 (90.6)
650/85R38 173A8 R-1W Duals Firestone® DEEP TREAD 23,1496 (58.9),348 (13.7),3778 (148.7),5274 (207.6),2282 (89.8)
650/85R38 173D R-1W Duals Goodyear® OPTITRAC,1498 (59.0),348 (13.7),3778 (148.7),5276 (207.7),2280 (89.8)
650/85R38 176A8 R-1W Duals Mitas® SFT,1490 (58.7),348 (13.7),3778 (148.7),5268 (207.4),2288 (90.1)
VF 710/70R42 CFO 184B R-1W Duals Firestone® MAXI TRACTION,1682 (66.2),399 (15.7),3932 (154.8),5614 (221.0),2250 (88.6)
VF 710/70R42 CFO 193B R-1W Duals Mitas® HC 3000,1674 (65.9),399 (15.7),3932 (154.8),5606 (220.7),2258 (88.9)
24 in Tracks - 3.5 m outside width,610 (24.0),0 (0.0),2854 (112.4),3464 (136.4),2244 (88.3)
24 in Tracks - 3.0 m CTF Controlled Traffic Farming,610 (24.0),76 (3.0),3006 (118.3),3616 (142.4),2396 (94.3)
30 in Tracks - 3.0 m CTF Controlled Traffic Farming and 3.8 m outside width,762 (30.0),76 (3.0),3006 (118.3),3768 (148.3),2244 (88.3)
30 in Tracks,762 (30.0),405 (15.9),3664 (144.3),4426 (174.3),2902 (114.3)
36 in Tracks,914 (36.0),405 (15.9),3664 (144.3),4578 (180.2),2750 (108.3)

|  Tire SpacingSpacings calculated based on nominal dimensions specified by tire supplier.  | | | | | | |
------------,------------,------------,------------,------------,------------,------------
Rear Tire Size,Rear Axle Position,Steering Stop Washers,Tire Width mm (in),Center to Center mm (in),Outside to Outside mm (in),Inside to Inside mm (in)
500,A2,1,500 (20),3050 (120),3550 (140),2550 (100)
B,None,500 (20),3150 (124),3650 (144),2650 (104)
B2,None,500 (20),3250 (128),3750 (148),2750 (108)
C,None,500 (20),3360 (132),3860 (152),2860 (113)
C2,None,500 (20),3460 (136),3960 (156),2960 (117)
D,None,500 (20),3560 (140),4060 (160),3060 (120)
D2,None,500 (20),3660 (144),4160 (164),3160 (124)
E,None,500 (20),3760 (148),4260 (168),3260 (128)
E2,None,500 (20),3860 (152)),4360 (172),3360 (132)
620,A2,2,620 (24),3280 (129),3900 (154),2660 (105)
B,None,620 (24),3380 (133),4000 (157),2760 (109)
B2,None,620 (24),3480 (137),4100 (161),2860 (113)
C,None,620 (24),3590 (141),4210 (166),2970 (117)
C2,None,620 (24),3690 (145),4310 (170),3070 (121)
D,None,620 (24),3790 (149),4410 (174),3170 (125)
D2,None,620 (24),3890 (153),4510 (178),3270 (129)
E,None,620 (24),3990 (157),4610 (181),3370 (133)
E2,None,620 (24),4090 (161),4710 (185),3470 (137)
710,A2,NR,710 (28),3340 (131),4050 (159),2630 (104)
B,1,710 (28),3440 (135),4150 (163),2730 (107)
B2,None,710 (28),3540 (139),4250 (167),2830 (111)
C,None,710 (28),3650 (144),4360 (172),2940 (116)
C2,None,710 (28),3750 (148),4460 (176),3040 (120)
D,None,710 (28),3850 (152),4560 (180),3140 (124)
D2,None,710 (28),3950 (156),4660 (183),3240 (128)
E,None,710 (28),4050 (159),4760 (187),3340 (131)
E2,None,710 (28),4150 (163),4860 (191),3440 (135)
750,A2,NR,750 (30),3340 (131),4090 (161),2590 (102)
B,NR,750 (30),3440 (135),4190 (165),2690 (106)
B2,2,750 (30),3540 (139),4290 (169),2790 (110)
C,None,750 (30),3650 (144),4400 (173),2900 (114)
C2,None,750 (30),3750 (148),4500 (177),3000 (118)
D,None,750 (30),3850 (152),4600 (181),3100 (122)
D2,None,750 (30),3950 (156),4700 (185),3200 (126)
E,None,750 (30),4050 (159),4800 (189),3300 (130)
E2,None,750 (30),4150 (163),4900 (193),3400 (134)
"NR= This configuration is not recommended due to tire interference with the machine frame. 1 or 2 = One or two 10 mm (3/8 in) thick steering stop washers should be installed under the steering stop bolt. None = No steering stop washers are required, but bolt should remain installed.",,,,,,

|  Approximate Header Mass  | |  1500— 3500 kg  |  3500— 4500 kg  |  4500— 5000 kg  |  5000— 5500 kg  |  5500— 6200 kg  |
------------,------------,------------,------------,------------,------------,------------
3300— 7700 lb,7700— 9900 lb,9900— 11 000 lb,11 000— 12 100 lb,12 100— 13 700 lb
Belt Pickup/Draper Heads,,BP15,RD30F RD35F RD40F 735X,HD35R/F/X RD45F 740X,HD40R/X HD45R/X,HD40F HD45F HD50R HD50F
Corn Heads,,Not Applicable,C12R,C12F C16R C18R,Not Applicable,C16F C18F
Model,Configuration,Normal Slopes (Flat to 15%),,,,
X9 1000,Two-Wheel Drive,No,No,No,Yes,Yes
Four-Wheel Drive
X9 1100,Two-Wheel Drive,No,No,No,Yes,Yes
Four-Wheel Drive
**Model**,**Configuration**,**Hilly Slopes (15% to 20%)**,,,,
X9 1000,Two-Wheel Drive,No,No,Yes,Yes,Yes
Four-Wheel Drive
X9 1100,Two-Wheel Drive,No,No,Yes,Yes,Yes
Four-Wheel Drive
No = Ballast not required for any size tires. Yes = Ballast required for all tire sizes.,,,,,,

|  Auto Header Controls (Enabled Modes)  |  Activation Button 1  |  Activation Button 2  |  Activation Button 3  |
------------,------------,------------,------------
Height Resume,Height Resume,,
Height Resume,Height Sensing,Height Resume,Height Sensing,
Height Resume,HydraFlexHydraFlex is a trademark of Deere & Company™ Height Sensing,Height Resume,HydraFlex™ Height Sensing,
Height Resume,Height Sensing,HydraFlex™ Height Sensing See your John Deere dealer to enable Height Sensing and HydraFlex Height Sensing. Requires RDF HydraFlex™ Drapers with auxiliary height sensors.,Height Resume,Height Sensing,HydraFlex™ Height Sensing
Height Resume,Height Sensing,Active Header Float,Height Resume,Height Sensing,Active Header Float
Height Resume,HydraFlex™ Height Sensing,Active Header Float,Height Resume,HydraFlex™ Height Sensing,Active Header Float
Height Resume,Active Header Float,Height Resume,,Active Header Float
Height Sensing,Height Sensing,,
HydraFlex™ Height Sensing,HydraFlex™ Height Sensing,,
Height Sensing,HydraFlex™ Height Sensing See your John Deere dealer to enable Height Sensing and HydraFlex Height Sensing. Requires RDF HydraFlex™ Drapers with auxiliary height sensors.,Height Sensing,,HydraFlex™ Height Sensing
Height Sensing,HydraFlex™ Height Sensing,Active Header Float See your John Deere dealer to enable Height Sensing and HydraFlex Height Sensing. Requires RDF HydraFlex™ Drapers with auxiliary height sensors.,HydraFlex™ Height Sensing,,Active Header Float
Height Sensing,Active Header Float,Height Sensing,,Active Header Float
HydraFlex™ Height Sensing,Active Header Float,HydraFlex™ Height Sensing,,Active Header Float
Active Header Float,Active Header Float,,
Reel Position Resume,Reel Position Resume,,
Deck Plate Position Resume,Deck Plate Position Resume,,
Hydraulic Feeder House Fore/Aft Tilt,Hydraulic Feeder House Fore/Aft Tilt,,
Cutterbar Fore/Aft Position European 700X Cutting Platforms with wide feeding channel.,Cutterbar Fore/Aft Position,,
Auto Reel Speed,Auto Reel Speed,,
Auto Belt Speed,Auto Belt Speed,,

|  Various crop settings shown are for average conditions. Varying crop and field conditions may require slightly different settings.   * Refer to Footnotes Description Page later in this section for more detailed information.  | | |
------------,------------,------------
,Shading = #c0c0c0 Alfalfa,Shading = #c0c0c0 Barley
Feeder House Drive Sprocket (North America) (A)*,18-Tooth,18-Tooth
Feeder House Drive Sprocket (Europe) (A)*,18-Tooth,22-Tooth
Feed Accelerator Speed (North America) (A)* (F)*,High,High
Feed Accelerator Speed (Europe) (A)* (F)*,High,High
Feed Accelerator Wear Strips (North America),Serrated,Serrated
Feed Accelerator Wear Strips (Europe),Serrated,Serrated
Threshing Speed (North America) (rpm) (A)*,720—1000,800—1150
Threshing Speed (Europe) (rpm) (A)*,720—1000,800—1150
Threshing Clearance (North America) (mm),0—10,8—22 (C)*
Threshing Clearance (Europe) (mm),0—10,12—25 (C)*
Concave Type (North America) (C)*,Small Wire,Small Wire
Concave Type (Europe) (C)*,Small/Small/Large Wire,Small/Small/Large Wire
Separator Grate Spacers,In Storage Position,In Storage Position
Fan Speed (rpm),570—700,700—1030
Front Chaffer Clearance (mm),25,25
Chaffer Clearance (North America) (mm) (H)*,10—20,12—19
Chaffer Clearance (Europe) (mm) (H)*,10—20,13—22
Sieve Clearance (North America) (mm),1—4,6—11
Sieve Clearance (Europe) (mm),1—4,6—14
Tailings System Concave Position,Grain,Grain
Knife Bank Engagement,Allowed,Allowed
Knife Bank Engagement Percentage,25,50
Chopper Speed,High,High

|  Various crop settings shown are for average conditions. Varying crop and field conditions may require slightly different settings.   * Refer to Footnotes Description Page later in this section for more detailed information.  | | |
------------,------------,------------
,Shading = #c0c0c0 Canola (Dry),Shading = #c0c0c0 Canola (Wet)
Feeder House Drive Sprocket (North America) (A)*,18-Tooth,18-Tooth
Feeder House Drive Sprocket (Europe) (A)*,22-Tooth,22-Tooth
Feed Accelerator Speed (North America) (A)* (F)*,High,High
Feed Accelerator Speed (Europe) (A)* (F)*,High,High
Feed Accelerator Wear Strips (North America),Serrated,Serrated
Feed Accelerator Wear Strips (Europe),Serrated,Serrated
Threshing Speed (North America) (rpm) (A)*,550—850,650—900
Threshing Speed (Europe) (rpm) (A)*,550—850,650—900
Threshing Clearance (North America) (mm),15—35,10—30
Threshing Clearance (Europe) (mm),15—35,10—30
Concave Type (North America) (C)*,Small Wire,Small Wire
Concave Type (Europe) (C)*,Small/Small/Large Wire,Small/Small/Large Wire
Separator Grate Spacers,In Storage Position,In Storage Position
Fan Speed (rpm),570—800,570—770
Front Chaffer Clearance (mm),25,25
Chaffer Clearance (North America) (mm) (H)*,11—19,11—19
Chaffer Clearance (Europe) (mm) (H)*,11—19,11—19
Sieve Clearance (North America) (mm),3—7,3—7
Sieve Clearance (Europe) (mm),3—7,3—7
Tailings System Concave Position,Corn,Grain
Knife Bank Engagement,Allowed,Allowed
Knife Bank Engagement Percentage,0,0
Chopper Speed,High,High

|  Various crop settings shown are for average conditions. Varying crop and field conditions may require slightly different settings.   * Refer to Footnotes Description Page later in this section for more detailed information.  | |
------------,------------
,Shading = #c0c0c0 Chickpeas
Feeder House Drive Sprocket (North America) (A)*,18-Tooth
Feeder House Drive Sprocket (Europe) (A)*,18-Tooth
Feed Accelerator Speed (North America) (A)* (F)*,Low
Feed Accelerator Speed (Europe) (A)* (F)*,Low
Feed Accelerator Wear Strips (North America),Serrated
Feed Accelerator Wear Strips (Europe),Serrated
Threshing Speed (North America) (rpm) (A)*,300—450
Threshing Speed (Europe) (rpm) (A)*,300—450
Threshing Clearance (North America) (mm),12—26
Threshing Clearance (Europe) (mm),12—26
Concave Type (North America) (C)*,Round Bar or Large Wire
Concave Type (Europe) (C)*,Round Bar or Large Wire
Separator Grate Spacers,In Storage Position
Fan Speed (rpm),850—1100
Front Chaffer Clearance (mm),25
Chaffer Clearance (North America) (mm) (H)*,16—21
Chaffer Clearance (Europe) (mm) (H)*,16—21
Sieve Clearance (North America) (mm),7—13
Sieve Clearance (Europe) (mm),7—13
Tailings System Concave Position,Corn
Knife Bank Engagement,Allowed
Knife Bank Engagement Percentage,25
Chopper Speed,High

|  Various crop settings shown are for average conditions. Varying crop and field conditions may require slightly different settings.   * Refer to Footnotes Description Page later in this section for more detailed information.  | | |
------------,------------,------------
,Shading = #c0c0c0 Corn (Dry),Shading = #c0c0c0 Corn (Wet)
Feeder House Drive Sprocket (North America) (A)*,18-Tooth,18-Tooth
Feeder House Drive Sprocket (Europe) (A)*,18-Tooth,18-Tooth
Feed Accelerator Speed (North America) (A)* (F)*,Low (B)*,Low
Feed Accelerator Speed (Europe) (A)* (F)*,Low (B)*,Low
Feed Accelerator Wear Strips (North America),Serrated,Serrated
Feed Accelerator Wear Strips (Europe),Serrated,Serrated
Threshing Speed (North America) (rpm) (A)*,340—480,360—520
Threshing Speed (Europe) (rpm) (A)*,340—480,360—520
Threshing Clearance (North America) (mm),25—40,27—42
Threshing Clearance (Europe) (mm),25—40,27—42
Concave Type (North America) (C)*,Round Bar,Round Bar
Concave Type (Europe) (C)*,Round Bar,Round Bar
Separator Grate Spacers,Installed,Installed
Fan Speed (rpm),1250—1430,1300—1430
Front Chaffer Clearance (mm),25,25
Chaffer Clearance (North America) (mm) (H)*,15—26 (Deep-Tooth) 17—28 (General-Purpose),16—24 (Deep-Tooth) 18—26 (General-Purpose)
Chaffer Clearance (Europe) (mm) (H)*,15—26 (Deep-Tooth) 17—28 (General-Purpose),16—24 (Deep-Tooth) 18—26 (General-Purpose)
Sieve Clearance (North America) (mm),11—16 (Deep-Tooth) 12—18 (General-Purpose),12—17 (Deep-Tooth) 13—17 (General-Purpose)
Sieve Clearance (Europe) (mm),11—16 (Deep-Tooth) 12—18 (General-Purpose),12—17 (Deep-Tooth) 13—17 (General-Purpose)
Tailings System Concave Position,Corn,Corn
Knife Bank Engagement,Disengaged Only,Disengaged Only
Knife Bank Engagement Percentage,0,0
Chopper Speed,Low,Low

|  Various crop settings shown are for average conditions. Varying crop and field conditions may require slightly different settings.   * Refer to Footnotes Description Page later in this section for more detailed information.  | | |
------------,------------,------------
,Shading = #c0c0c0 Corn Cob Mix (D)*,Shading = #c0c0c0 Edible Beans
Feeder House Drive Sprocket (North America) (A)*,18-Tooth,18-Tooth
Feeder House Drive Sprocket (Europe) (A)*,18-Tooth,18-Tooth
Feed Accelerator Speed (North America) (A)* (F)*,Low,Low (B)*
Feed Accelerator Speed (Europe) (A)* (F)*,Low,Low (B)*
Feed Accelerator Wear Strips (North America),Serrated,Serrated
Feed Accelerator Wear Strips (Europe),Serrated,Serrated
Threshing Speed (North America) (rpm) (A)*,500—700,370—520
Threshing Speed (Europe) (rpm) (A)*,500—700,370—520
Threshing Clearance (North America) (mm),10—30,15—30
Threshing Clearance (Europe) (mm),10—30,15—30
Concave Type (North America) (C)*,Large Wire (G)*,Round Bar or Large Wire
Concave Type (Europe) (C)*,Large Wire (G)*,Round Bar or Large Wire
Separator Grate Spacers,Either,In Storage Position
Fan Speed (rpm),950—1420,800—1100
Front Chaffer Clearance (mm),25,25
Chaffer Clearance (North America) (mm) (H)*,20—28 (Deep-Tooth),14—19
Chaffer Clearance (Europe) (mm) (H)*,20—28 (Deep-Tooth),14—19
Sieve Clearance (North America) (mm),Removed,10—14
Sieve Clearance (Europe) (mm),Removed,10—14
Tailings System Concave Position,Corn,Corn
Knife Bank Engagement,Disengaged Only,Allowed
Knife Bank Engagement Percentage,0,25
Chopper Speed,Low,High

|  Various crop settings shown are for average conditions. Varying crop and field conditions may require slightly different settings.   * Refer to Footnotes Description Page later in this section for more detailed information.  | | |
------------,------------,------------
,Shading = #c0c0c0 Flax,Shading = #c0c0c0 Grass Seed
Feeder House Drive Sprocket (North America) (A)*,18-Tooth,22-Tooth
Feeder House Drive Sprocket (Europe) (A)*,18-Tooth,22-Tooth
Feed Accelerator Speed (North America) (A)* (F)*,High,High
Feed Accelerator Speed (Europe) (A)* (F)*,High,High
Feed Accelerator Wear Strips (North America),Serrated,Serrated
Feed Accelerator Wear Strips (Europe),Serrated,Serrated
Threshing Speed (North America) (rpm) (A)*,800—1200,450—750
Threshing Speed (Europe) (rpm) (A)*,800—1200,450—750
Threshing Clearance (North America) (mm),0—10,12—25
Threshing Clearance (Europe) (mm),0—10,12—25
Concave Type (North America) (C)*,Small Wire,Small Wire
Concave Type (Europe) (C)*,Small Wire,Small/Small/Large Wire
Separator Grate Spacers,In Storage Position,In Storage Position
Fan Speed (rpm),700—1050,350—600 (E)*
Front Chaffer Clearance (mm),25,25
Chaffer Clearance (North America) (mm) (H)*,12—18,9—18
Chaffer Clearance (Europe) (mm) (H)*,12—18,9—18
Sieve Clearance (North America) (mm),6—10,5—12
Sieve Clearance (Europe) (mm),6—10,5—12
Tailings System Concave Position,Grain,Grain
Knife Bank Engagement,Allowed,Allowed
Knife Bank Engagement Percentage,25,25
Chopper Speed,High,High

|  Various crop settings shown are for average conditions. Varying crop and field conditions may require slightly different settings.   * Refer to Footnotes Description Page later in this section for more detailed information.  | | |
------------,------------,------------
,Shading = #c0c0c0 Guar (Cluster Beans),Shading = #c0c0c0 Lentils
Feeder House Drive Sprocket (North America) (A)*,18-Tooth,18-Tooth
Feeder House Drive Sprocket (Europe) (A)*,18-Tooth,18-Tooth
Feed Accelerator Speed (North America) (A)* (F)*,Low,Low
Feed Accelerator Speed (Europe) (A)* (F)*,Low,Low
Feed Accelerator Wear Strips (North America),Serrated,Serrated
Feed Accelerator Wear Strips (Europe),Serrated,Serrated
Threshing Speed (North America) (rpm) (A)*,500—700,420—700
Threshing Speed (Europe) (rpm) (A)*,500—700,420—700
Threshing Clearance (North America) (mm),10—15,7—20
Threshing Clearance (Europe) (mm),10—15,7—20
Concave Type (North America) (C)*,Round Bar,Round Bar or Large Wire
Concave Type (Europe) (C)*,Round Bar,Small/Small/Large Wire
Separator Grate Spacers,In Storage Position,In Storage Position
Fan Speed (rpm),600—750,800—1000
Front Chaffer Clearance (mm),25,25
Chaffer Clearance (North America) (mm) (H)*,10—12,12—18
Chaffer Clearance (Europe) (mm) (H)*,10—12,12—18
Sieve Clearance (North America) (mm),4—6,3—10
Sieve Clearance (Europe) (mm),4—6,3—10
Tailings System Concave Position,Corn,Corn
Knife Bank Engagement,Allowed,Allowed
Knife Bank Engagement Percentage,25,25
Chopper Speed,High,High

|  Various crop settings shown are for average conditions. Varying crop and field conditions may require slightly different settings.   * Refer to Footnotes Description Page later in this section for more detailed information.  | | |
------------,------------,------------
,Shading = #c0c0c0 Lupins,Shading = #c0c0c0 Millet
Feeder House Drive Sprocket (North America) (A)*,18-Tooth,18-Tooth
Feeder House Drive Sprocket (Europe) (A)*,18-Tooth,18-Tooth
Feed Accelerator Speed (North America) (A)* (F)*,Low,High
Feed Accelerator Speed (Europe) (A)* (F)*,Low,High
Feed Accelerator Wear Strips (North America),Serrated,Serrated
Feed Accelerator Wear Strips (Europe),Serrated,Serrated
Threshing Speed (North America) (rpm) (A)*,420—700,420—650
Threshing Speed (Europe) (rpm) (A)*,420—700,420—650
Threshing Clearance (North America) (mm),7—20,10—15
Threshing Clearance (Europe) (mm),7—20,10—15
Concave Type (North America) (C)*,Round Bar or Large Wire,Small Wire
Concave Type (Europe) (C)*,Round Bar or Large Wire,Small/Small/Large Wire
Separator Grate Spacers,In Storage Position,In Storage Position
Fan Speed (rpm),800—1000,600—750
Front Chaffer Clearance (mm),25,25
Chaffer Clearance (North America) (mm) (H)*,12—18,10—12
Chaffer Clearance (Europe) (mm) (H)*,12—18,10—12
Sieve Clearance (North America) (mm),3—10,4—7
Sieve Clearance (Europe) (mm),3—10,4—7
Tailings System Concave Position,Corn,Grain
Knife Bank Engagement,Allowed,Allowed
Knife Bank Engagement Percentage,25,25
Chopper Speed,High,High

|  Various crop settings shown are for average conditions. Varying crop and field conditions may require slightly different settings.   * Refer to Footnotes Description Page later in this section for more detailed information.  | | |
------------,------------,------------
,Shading = #c0c0c0 Mustard,Shading = #c0c0c0 Navy Beans
Feeder House Drive Sprocket (North America) (A)*,18-Tooth,18-Tooth
Feeder House Drive Sprocket (Europe) (A)*,18-Tooth,18-Tooth
Feed Accelerator Speed (North America) (A)* (F)*,High,Low (B)*
Feed Accelerator Speed (Europe) (A)* (F)*,High,Low (B)*
Feed Accelerator Wear Strips (North America),Serrated,Serrated
Feed Accelerator Wear Strips (Europe),Serrated,Serrated
Threshing Speed (North America) (rpm) (A)*,720—1100,370—520
Threshing Speed (Europe) (rpm) (A)*,720—1100,370—520
Threshing Clearance (North America) (mm),10—20,15—30
Threshing Clearance (Europe) (mm),10—20,15—30
Concave Type (North America) (C)*,Small Wire,Round Bar
Concave Type (Europe) (C)*,Small/Small/Large Wire,Round Bar
Separator Grate Spacers,In Storage Position,In Storage Position
Fan Speed (rpm),620—800,800—1100
Front Chaffer Clearance (mm),25,25
Chaffer Clearance (North America) (mm) (H)*,10—15,13—18
Chaffer Clearance (Europe) (mm) (H)*,10—15,13—18
Sieve Clearance (North America) (mm),2—6,7—11
Sieve Clearance (Europe) (mm),2—6,7—11
Tailings System Concave Position,Grain,Corn
Knife Bank Engagement,Allowed,Allowed
Knife Bank Engagement Percentage,25,25
Chopper Speed,High,High

|  Various crop settings shown are for average conditions. Varying crop and field conditions may require slightly different settings.   * Refer to Footnotes Description Page later in this section for more detailed information.  | | |
------------,------------,------------
,Shading = #c0c0c0 Oats,Shading = #c0c0c0 Peas
Feeder House Drive Sprocket (North America) (A)*,22-Tooth,18-Tooth
Feeder House Drive Sprocket (Europe) (A)*,22-Tooth,18-Tooth
Feed Accelerator Speed (North America) (A)* (F)*,High,Low
Feed Accelerator Speed (Europe) (A)* (F)*,High,Low
Feed Accelerator Wear Strips (North America),Serrated,Serrated
Feed Accelerator Wear Strips (Europe),Serrated,Serrated
Threshing Speed (North America) (rpm) (A)*,720—1150,400—600
Threshing Speed (Europe) (rpm) (A)*,720—1150,400—600
Threshing Clearance (North America) (mm),15—25,15—30
Threshing Clearance (Europe) (mm),15—25,15—30
Concave Type (North America) (C)*,Small Wire,Round Bar or Large Wire
Concave Type (Europe) (C)*,Small/Small/Large Wire,Round Bar or Large Wire
Separator Grate Spacers,In Storage Position,In Storage Position
Fan Speed (rpm),630—850,850—1050
Front Chaffer Clearance (mm),25,25
Chaffer Clearance (North America) (mm) (H)*,16—21,16—22
Chaffer Clearance (Europe) (mm) (H)*,16—21,16—22
Sieve Clearance (North America) (mm),7—13,8—12
Sieve Clearance (Europe) (mm),8—14,8—12
Tailings System Concave Position,Grain,Corn
Knife Bank Engagement,Allowed,Allowed
Knife Bank Engagement Percentage,50,25
Chopper Speed,High,High

|  Various crop settings shown are for average conditions. Varying crop and field conditions may require slightly different settings.   * Refer to Footnotes Description Page later in this section for more detailed information.  | | |
------------,------------,------------
,Shading = #c0c0c0 Popcorn,Shading = #c0c0c0 Rape Seed (Dry)
Feeder House Drive Sprocket (North America) (A)*,18-Tooth,18-Tooth
Feeder House Drive Sprocket (Europe) (A)*,18-Tooth,22-Tooth
Feed Accelerator Speed (North America) (A)* (F)*,Low,Low
Feed Accelerator Speed (Europe) (A)* (F)*,Low,Low
Feed Accelerator Wear Strips (North America),Serrated,Serrated
Feed Accelerator Wear Strips (Europe),Serrated,Serrated
Threshing Speed (North America) (rpm) (A)*,300—400,400—700
Threshing Speed (Europe) (rpm) (A)*,300—400,400—700
Threshing Clearance (North America) (mm),15—30,20—40
Threshing Clearance (Europe) (mm),15—30,20—40
Concave Type (North America) (C)*,Round Bar,Small Wire
Concave Type (Europe) (C)*,Round Bar,Small/Small/Large Wire
Separator Grate Spacers,Installed,In Storage Position
Fan Speed (rpm),900—1100,570—800
Front Chaffer Clearance (mm),25,25
Chaffer Clearance (North America) (mm) (H)*,14—18,13—22
Chaffer Clearance (Europe) (mm) (H)*,14—18,13—22
Sieve Clearance (North America) (mm),7—13,3—8
Sieve Clearance (Europe) (mm),7—13,3—8
Tailings System Concave Position,Corn,Corn
Knife Bank Engagement,Disengaged Only,Allowed
Knife Bank Engagement Percentage,0,0
Chopper Speed,Low,High

|  Various crop settings shown are for average conditions. Varying crop and field conditions may require slightly different settings.   * Refer to Footnotes Description Page later in this section for more detailed information.  | |
------------,------------
,Shading = #c0c0c0 Rape Seed (Green)
Feeder House Drive Sprocket (North America) (A)*,22-Tooth
Feeder House Drive Sprocket (Europe) (A)*,22-Tooth
Feed Accelerator Speed (North America) (A)* (F)*,Low
Feed Accelerator Speed (Europe) (A)* (F)*,High
Feed Accelerator Wear Strips (North America),Serrated
Feed Accelerator Wear Strips (Europe),Serrated
Threshing Speed (North America) (rpm) (A)*,450—700
Threshing Speed (Europe) (rpm) (A)*,450—700
Threshing Clearance (North America) (mm),20—40
Threshing Clearance (Europe) (mm),20—40
Concave Type (North America) (C)*,Small Wire
Concave Type (Europe) (C)*,Small/Small/Large Wire
Separator Grate Spacers,In Storage Position
Fan Speed (rpm),570—770
Front Chaffer Clearance (mm),25
Chaffer Clearance (North America) (mm) (H)*,13—22
Chaffer Clearance (Europe) (mm) (H)*,13—22
Sieve Clearance (North America) (mm),3—9
Sieve Clearance (Europe) (mm),3—9
Tailings System Concave Position,Grain
Knife Bank Engagement,Allowed
Knife Bank Engagement Percentage,0
Chopper Speed,High

|  Various crop settings shown are for average conditions. Varying crop and field conditions may require slightly different settings.   * Refer to Footnotes Description Page later in this section for more detailed information.  | | |
------------,------------,------------
,Shading = #c0c0c0 Rye,Shading = #c0c0c0 Safflower
Feeder House Drive Sprocket (North America) (A)*,18-Tooth,18-Tooth
Feeder House Drive Sprocket (Europe) (A)*,18-Tooth,18-Tooth
Feed Accelerator Speed (North America) (A)* (F)*,High,Low
Feed Accelerator Speed (Europe) (A)* (F)*,High,Low
Feed Accelerator Wear Strips (North America),Serrated,Serrated
Feed Accelerator Wear Strips (Europe),Serrated,Serrated
Threshing Speed (North America) (rpm) (A)*,850—1200,450—700
Threshing Speed (Europe) (rpm) (A)*,850—1200,450—700
Threshing Clearance (North America) (mm),13—26,15—25
Threshing Clearance (Europe) (mm),13—26,15—25
Concave Type (North America) (C)*,Small Wire,Small Wire
Concave Type (Europe) (C)*,Small/Small/Large Wire,Small/Small/Large Wire
Separator Grate Spacers,In Storage Position,In Storage Position
Fan Speed (rpm),750—1100,700—950
Front Chaffer Clearance (mm),25,25
Chaffer Clearance (North America) (mm) (H)*,15—18,13—17
Chaffer Clearance (Europe) (mm) (H)*,15—18,13—17
Sieve Clearance (North America) (mm),6—10,4—7
Sieve Clearance (Europe) (mm),6—10,4—7
Tailings System Concave Position,Grain,Corn
Knife Bank Engagement,Allowed,Allowed
Knife Bank Engagement Percentage,50,25
Chopper Speed,High,High

|  Various crop settings shown are for average conditions. Varying crop and field conditions may require slightly different settings.   * Refer to Footnotes Description Page later in this section for more detailed information.  | | |
------------,------------,------------
,Shading = #c0c0c0 Sorghum,Shading = #c0c0c0 Soybeans
Feeder House Drive Sprocket (North America) (A)*,18-Tooth,18-Tooth
Feeder House Drive Sprocket (Europe) (A)*,18-Tooth,18-Tooth
Feed Accelerator Speed (North America) (A)* (F)*,Low,Low
Feed Accelerator Speed (Europe) (A)* (F)*,Low,Low
Feed Accelerator Wear Strips (North America),Serrated,Serrated
Feed Accelerator Wear Strips (Europe),Serrated,Serrated
Threshing Speed (North America) (rpm) (A)*,550—850,500—800
Threshing Speed (Europe) (rpm) (A)*,550—850,500—800
Threshing Clearance (North America) (mm),10—25,12—30
Threshing Clearance (Europe) (mm),10—25,12—30
Concave Type (North America) (C)*,Round Bar or Large Wire,Round Bar or Large Wire
Concave Type (Europe) (C)*,Round Bar or Large Wire,Round Bar or Large Wire
Separator Grate Spacers,In Storage Position,Either
Fan Speed (rpm),900—1100,900—1150
Front Chaffer Clearance (mm),25,25
Chaffer Clearance (North America) (mm) (H)*,13—18,13—21 (General-Purpose) 12—20 (Deep-Tooth)
Chaffer Clearance (Europe) (mm) (H)*,13—18,13—21 (General-Purpose) 12—20 (Deep-Tooth)
Sieve Clearance (North America) (mm),5—9,6—13 (General-Purpose) 5—12 (Deep-Tooth)
Sieve Clearance (Europe) (mm),5—9,6—13 (General-Purpose) 5—12 (Deep-Tooth)
Tailings System Concave Position,Corn,Corn
Knife Bank Engagement,Allowed,Allowed
Knife Bank Engagement Percentage,25,50
Chopper Speed,High,High

|  Various crop settings shown are for average conditions. Varying crop and field conditions may require slightly different settings.   * Refer to Footnotes Description Page later in this section for more detailed information.  | | |
------------,------------,------------
,Shading = #c0c0c0 Sunflower,Shading = #c0c0c0 Triticale
Feeder House Drive Sprocket (North America) (A)*,18-Tooth,18-Tooth
Feeder House Drive Sprocket (Europe) (A)*,18-Tooth,22-Tooth
Feed Accelerator Speed (North America) (A)* (F)*,Low,High
Feed Accelerator Speed (Europe) (A)* (F)*,Low,High
Feed Accelerator Wear Strips (North America),Serrated,Serrated
Feed Accelerator Wear Strips (Europe),Serrated,Serrated
Threshing Speed (North America) (rpm) (A)*,300—400,850—1200
Threshing Speed (Europe) (rpm) (A)*,300—400,850—1200
Threshing Clearance (North America) (mm),25—40,10—25
Threshing Clearance (Europe) (mm),25—40,10—25
Concave Type (North America) (C)*,Round Bar or Large Wire,Small Wire
Concave Type (Europe) (C)*,Round Bar or Large Wire,Small/Small/Large Wire
Separator Grate Spacers,In Storage Position,In Storage Position
Fan Speed (rpm),650—850,750—1000
Front Chaffer Clearance (mm),25,25
Chaffer Clearance (North America) (mm) (H)*,10—15,15—20
Chaffer Clearance (Europe) (mm) (H)*,10—15,15—20
Sieve Clearance (North America) (mm),5—10,6—11
Sieve Clearance (Europe) (mm),5—10,6—11
Tailings System Concave Position,Corn,Grain
Knife Bank Engagement,Allowed,Allowed
Knife Bank Engagement Percentage,0,50
Chopper Speed,High,High

|  Various crop settings shown are for average conditions. Varying crop and field conditions may require slightly different settings.   * Refer to Footnotes Description Page later in this section for more detailed information.  | |
------------,------------
,Shading = #c0c0c0 Wheat
Feeder House Drive Sprocket (North America) (A)*,18-Tooth
Feeder House Drive Sprocket (Europe) (A)*,22-Tooth
Feed Accelerator Speed (North America) (A)* (F)*,High
Feed Accelerator Speed (Europe) (A)* (F)*,High
Feed Accelerator Wear Strips (North America),Serrated
Feed Accelerator Wear Strips (Europe),Serrated
Threshing Speed (North America) (rpm) (A)*,900—1300
Threshing Speed (Europe) (rpm) (A)*,850—1250
Threshing Clearance (North America) (mm),4—20
Threshing Clearance (Europe) (mm),7—28
Concave Type (North America) (C)*,Small Wire
Concave Type (Europe) (C)*,Small/Small/Large Wire
Separator Grate Spacers,In Storage Position
Fan Speed (rpm),820—1100
Front Chaffer Clearance (mm),25
Chaffer Clearance (North America) (mm) (H)*,12—20
Chaffer Clearance (Europe) (mm) (H)*,14—23
Sieve Clearance (North America) (mm),5—11
Sieve Clearance (Europe) (mm),7—14
Tailings System Concave Position,Grain
Knife Bank Engagement,Allowed
Knife Bank Engagement Percentage,50
Chopper Speed,High

|  Concave Type  |  Corn  |  Soybeans  |  Wheat Barely Small Grains  |  Popcorn Food Corn  |  Sorghum (Milo) Sunflowers (Confection)  |  Sunflowers (Oil)  |  Canola  |
------------,------------,------------,------------,------------,------------,------------,------------
Small Wire,NR,NR,Best,NR,NR,Average,Best
Large Wire,Good,Good,Good,NR,Best,Best,Good
Round Bar,Best,Best,Average,Best,Average,Best,Average
Best = Provides best level of performance. Good = Provides a good level of performance. Average = Provides an average level of performance. NR = Not recommended.,,,,,,,

|  Crop  |  Standard Moisture (%)  |  Crop Density (lbs/bushel)  |  Crop Density (kg/bushel)  |
------------,------------,------------,------------
Alfalfa,12.0,60,27
Barley,14.0,48,22
Barley (Winter) European crop listing only.,14.5,48,22
Barley (Spring) European crop listing only.,14.5,48,22
Canola,10.0,52,24
Chickpeas European crop listing only.,12.0,61,27
Corn (Dry or Wet),15.0,56,25
Edible Beans,14.5,60,27
Flax,7.0,56,25
Grass Seeds,12.0,22,10
Lentils,10.5,60,27
Lupins European crop listing only.,12.0,53,24
Millet,11.0,50,23
Mustard,8.0,60,27
Navy Beans,14.5,62,28
Oats,14.0,32,15
Oats European crop listing only.,15.0,32,15
Peas,10.5,60,27
Peas European crop listing only.,12.0,60,27
Popcorn,14.0,60,27
Popcorn European crop listing only.,15.5,60,27
Rape Seed (Dry or Wet) European crop listing only.,10.0,52,24
Rice,14.0,45,20
Rye,14.0,56,25
Safflower,6.0,45,20
Sorghum,13.0,56,25
Soybeans,13.0,60,27
Sunflower,14.0,29,11
Sunflower European crop listing only.,9.0,20,11
Triticale European crop listing only.,14.5,58,26
Wheat (Spring),13.0,60,27
Wheat (Winter),13.0,60,27

|  Unit  |  Weight (lb)  |  Weight (kg)  |
------------,------------,------------
Barrels,162.0,73.5
Sacks,100.0,45.4
Hundred Weight,100.0,45.4
Pounds (lb),1.0,0.454
Kilograms (kg),2.204,1.0
Metric Tons,2204.0,1000.0
Tons,2000.0,907.0

|  Chlorides  |  <40 mg/L   |
------------,------------
Sulfates,<100 mg/L
Total solids,<340 mg/L
Total dissolved I hardness,<170 mg/L
pH,5.5—9.0

|  Example of Original Hours  |  Corresponding High Altitude Hours  |
------------,------------
125,60
150,75
175,85
200,100
250,125
275,135
300,150
350,175
375,185
400,200
500,250

|  Engine Oil and Filter Service Intervals  | |
------------,------------
Shading = #c0c0c0 **Fuel Sulfur**,Shading = #c0c0c0 Less than 1000 mg/kg (1000 ppm)
Plus-50 Oils,375 hours
Other Oils,250 hours
Shading = #c0c0c0 **Fuel Sulfur**,Shading = #c0c0c0 1000—2000 mg/kg (1000—2000 ppm)
Plus-50 Oils,300 hours
Other Oils,200 hours
Shading = #c0c0c0 **Fuel Sulfur**,Shading = #c0c0c0 2000—10000 mg/kg (2000—10000 ppm)
Plus-50 Oils,Contact John Deere dealer
Other Oils,Contact John Deere dealer
Oil analysis may extend the service interval of “Other Oils” to a maximum not to exceed the interval of Plus-50 Oils. Oil analysis means taking a series of oil samples at 50-hour increments beyond the normal service interval until either the data indicates the end of useful oil life or the maximum service interval of John Deere Plus-50 oils is reached.,

|  Engine Oil and Filter Service Intervals  | |
------------,------------
John Deere Plus-50™ II,500 hours
Other Oils,250 hours
Oil analysis may extend the service interval of “Other Oils” to a maximum not to exceed the interval of Plus-50™ II oils. Oil analysis means taking a series of oil samples at 50-hour increments beyond the normal service interval until either the data indicates the end of useful oil life or the maximum service interval of John Deere Plus-50  II oils is reached.,

|  Legend  |  Service  |  Every 10 Hours  |
------------,------------,------------
A,Check Engine Oil Level,●
B,Check Engine Coolant Level,●
C,"Clean Rotary Screen, Charge Air Cooler, Oil Cooler, Radiator, Condenser, and Fuel Cooler",●
D,Check Hydrostatic/Hydraulic Oil/Main Engine Gear Case Oil,●
E,Drain Water from Air Compressor Reservoir (If Equipped),●
F,Inspect Fuel Precleaner Filter,●
G,Grease Two-Speed Four-Wheel Drive Motor Pivots (Muddy Conditions) Grease Two-Wheel Drive Spindle Bearings and Pivot Pins (Muddy Conditions),●
H,Grease Rear Axle Tie Rods (Muddy Conditions),●
I,Clean Air Conditioner Drain Hose,●
J,Check Stone Trap,●
K,Clean ActiveVisionActiveVision is a trademark of Deere & Company™ Tailings System Camera (If Equipped),●
L,Clean ActiveVisionActiveVision is a trademark of Deere & Company™ Clean Grain Elevator Camera (If Equipped),●

|  Legend  |  Service  |  Every 50 Hours  |
------------,------------,------------
A,Grease Driveshaft Couplers,●
B,Grease Two-Speed Four-Wheel Drive Motor Pivots (Normal Conditions) Grease Two-Wheel Drive Spindle Bearings and Pivot Pins (Normal Conditions),●
C,Grease Rear Axle Tie Rods (Normal Conditions),●
D,Check/Clean Lateral Tilt Feeder House,●
E,Adjust Feeder House Conveyor Drive Chain Tension,●
F,Grease Cleaning Fan Variable Driven/Driver Sheaves (Severe Conditions),●
G,Inspect Fuel Precleaner Filter,●
H,Check Water Separator Primary Fuel Filter,●
I,"Check Rotary Screen, Charge Air Cooler, Oil Cooler, Radiator, Condensers, and Fuel Cooler",●
J,Check Mass Flow Sensor,●
K,Clean/Replace Cab Fresh Air Filter,●
L,Clean Moisture Sensor Clean Moisture Sensor Bypass Auger (If Required),●

|  Legend  |  Service  |  First 100 Hours  |
------------,------------,------------
A,Change Final Drives Oil (Wheel Machines),●
B,Replace Transmission Filter,●
C,Replace Main Engine Gear Case/Rotor Lube Filter,●
D,Replace Transmission Return Filter,●

|  Legend  |  Service  |  Every 100 Hours  |
------------,------------,------------
A,Check Tire Pressure and Wheel Bolt Torque,●
B,Grease Cleaning Fan Variable Driven/Driver Sheaves (Normal Conditions),●
C,Adjust Feeder House Conveyor Chain,●

|  Legend  |  Service  |  Every 200 Hours  |
------------,------------,------------
A,Clean/Replace Recirculating Filter,●
B,Grease Separator Variable Speed Driven Sheave,●
C,Grease Separator Variable Speed Driver Sheave,●
D,Grease Front End Variable Speed Driven Sheave (If Equipped),●
E,Grease Front End Variable Speed Driver Sheave (If Equipped),●

|  Legend  |  Service  |  Every 400 Hours  |
------------,------------,------------
A,Grease Unloading Elbow Gear Case,●
B,Grease Vertical Unloading Auger Upper Gear Case,●
C,Check Final Drive Oil,●
D,Change Chopper Gear Case Oil,●
E,Grease Feeder House Dust Fan (If Equipped),●

|  Legend  |  Service  |  Every 400 Hours  |
------------,------------,------------
A,Service/Clean Batteries,●
B,Inspect/Charge/Replace Fire Extinguishers,●
C,Inspect Seat Belts,●
D,Check Loading Auger Fixed Gear Case Oil Check Loading Auger Pivoting Gear Case Oil,●
E,Check Air Filter Elements,●
F,Clean Moisture Sensor Clean Moisture Sensor Bypass Auger (If Required),●
G,"Replace ActiveVisionActiveVision is a trademark of Deere & Company™ Clean Grain Elevator Camera and Tailings System Camera Desiccant Cartridge (If Equipped)If the harvest season is complete, wait until the beginning of the next harvest season to extend the desiccant cartridge life.",●

|  Legend  |  Service  |  Every 500 Hours  |
------------,------------,------------
A,Change Engine Oil and Filter,●
B,Replace Primary and Secondary Fuel Filter,●
C,Clean Fuel Precleaner Filter (Style A) Replace Fuel Precleaner Filter (Heavy-Duty Option) (Style B),●
D,Inspect Fuel Tank Breather Inspect Fuel Tank Breather (Fast Fill Fuel System) (If Equipped),●
E,Inspect Diesel Exhaust Fluid (DEF) Tank Breather (Final Tier 4/Stage V),●

|  Legend  |  Service  |  Every 1000 Hours  |
------------,------------,------------
A,Replace Transmission Filter,●
B,Replace Hydrostatic Cooler Return Filter,●
C,Replace Auxiliary Hydraulic Return Filter,●
D,Replace Main Engine Gear Case/Rotor Lube Filter,●
E,Replace Hydrostatic Charge Filter,●
F,Replace Transmission Return Filter,●
G,Replace Main Engine Gear Case Breather,●
H,Change Feed Accelerator Gear Case Oil,●
I,Change Cleaning Fan Variable Speed Driven Sheave Oil,●

|  Legend  |  Service  |  Every 1500 Hours or Three Years  |
------------,------------,------------
A,Replace Diesel Exhaust Fluid (DEF) Dosing Unit Filter,●
B,Replace Diesel Exhaust Fluid (DEF) In-Line Filter,●

|  Legend  |  Service  |  Every 2000 Hours  |
------------,------------,------------
A,Change Final Drives Oil (Both Sides),●
B—K,Change Hydraulic System Oil and Replace Hydraulic Filters  B - Hydraulic Reservoir Drain Valve C - Engine Gear Case Hydraulic Oil Drain D - Transmission Drain Plug E - Hydrostatic Cooler Return Filter F - Auxiliary Hydraulic Return Filter G - Main Engine Gear Case/Rotor Lube Filter H - Hydrostatic Charge Filter I - Transmission Filter J - Hydraulic Reservoir Cap K - Hydraulic Reservoir Fitting,●

|  Legend  |  Service  |  Every 6000 Hours or Six Years  |
------------,------------,------------
A and B,Replace Engine Coolant,●

|  Legend  |  Service  |  As Required  |
------------,------------,------------
A,Clean/Replace Recirculating Filter,●
B,Clean/Replace Cab Fresh Air Filter,●
C,Fill Windshield Washer Reservoir,●
D,Clean Alternator Screen,●
E,"Clean Moisture Sensor Clean Moisture Sensor Bypass Auger Clean ActiveVisionActiveVision is a trademark of Deere & Company™ Clean Grain Elevator Camera (If Equipped) Replace ActiveVision™ Clean Grain Elevator Camera Desiccant Cartridge (If Equipped)If the harvest season is complete, wait until the beginning of the next harvest season to extend the desiccant cartridge life.",●
F,"Clean ActiveVisionActiveVision is a trademark of Deere & Company™ Tailings System Camera (If Equipped) Replace ActiveVision™ Tailings System Camera Desiccant Cartridge (If Equipped)If the harvest season is complete, wait until the beginning of the next harvest season to extend the desiccant cartridge life.",●
G,Inspect Fire Extinguisher Bracket Straps (If Equipped),●

|  Engine Speeds  |  |
------------,------------
Slow Speed,1200 rpm
Medium Speed,1550 rpm
High Speed,1900 rpm

|  Engine  | | |
------------,------------,------------
Make,John Deere,
Model,"6136HX304 (13.6 L, Single Turbo, Tier 3/Stage IIIA) 6136HX303 (13.6 L, Series Turbos, Tier 3/Stage IIIA) 6136HX404 (13.6 L, Single Turbo, Final Tier 4) 6136HX403 (13.6 L, Series Turbos, Final Tier 4) 6136HX504 (13.6 L, Single Turbo, Stage V) 6136HX503 (13.6 L, Series Turbos, Stage V)",
Type,"Six-Cylinder, In-Line, Valve-in-Head, Air-to-Air Aftercooled Diesel Turbocharged",
,**X9 1000**,**X9 1100**
Rated Power,410 kW (550 hp),450 kW (603 hp)
Rated Speed,1900 rpm,1900 rpm
Power Boost at Rated Speed,40 kW (54 hp),40 kW (54 hp)
Peak Power,470 kW (630 hp),515 kW (690 hp)
Peak Power Speed (Rated Speed -200 rpm),1700 rpm,
Displacement,13.6 L (830 in³),
Firing Order,1-5-3-6-2-4,
Air Cleaner,Dry Type with Safety Element,

|  Electrical System  | |
------------,------------
Battery Voltage,12 V
Battery Terminal Grounded,Negative
Alternator,330 A

|  Legend  |  Shading = #c0c0c0 Unloading Auger Lengths  | | | |
------------,------------,------------,------------,------------
Shading = #c0c0c0 7.9 m (26 ft 0 in),Shading = #c0c0c0 8.2 m (26 ft 10 in),Shading = #c0c0c0 8.7 m (28 ft 6 in),Shading = #c0c0c0 9.4 m (30 ft 10 in)
A,Shading = #c0c0c0 Standard Unloading Auger Boot,,,
11.49 m (37 ft 8 in),Not Applicable,12.25 m (40 ft 2 in),13.01 m (42 ft 8 in)
Shading = #c0c0c0 Active Unloading Auger Boot,,,
11.83 m (38 ft 10 in),11.98 m (39 ft 4 in),12.59 m (41 ft 4 in),13.35 m (43 ft 10 in)
B,Shading = #c0c0c0 Standard Unloading Auger Boot,,,
9.71 m (31 ft 10 in),Not Applicable,10.47 m (34 ft 4 in),11.23 m (36 ft 10 in)
Shading = #c0c0c0 Active Unloading Auger Boot,,,
9.71 m (31 ft 10 in),9.71 m (31 ft 10 in),10.47 m (34 ft 4 in),11.23 m (36 ft 10 in)
C,9.21 m (30 ft 3 in),,,
D,4.91—4.96 m (16 ft 1 in—16 ft 3 in) with 14 800 L (420 bu) and 16 200 L (460 bu) Covers,,,
"E Front or rear of machine may be higher depending on the different tire configurations, axle configurations, axle positions, and spindles types.",Shading = #c0c0c0 Top of Radio Antenna,,Shading = #c0c0c0 Top of Position Receiver,
4.03—4.08 m (13 ft 3 in—13 ft 5 in),,3.86—3.91 m (12 ft 8 in—12 ft 10 in),
Shading = #c0c0c0 Top of Engine Cooling Package,,,
3.96—4.00 m (13 ft 0 in—13 ft 2 in),,,
Shading = #c0c0c0 Top of Standard Unloading Auger Boot,,,
3.98 m (13 ft 1 in),Not Applicable,4.01 m (13 ft 2 in),4.03 m (13 ft 3 in)
Shading = #c0c0c0 Top of Active Unloading Auger Boot,,,
4.11 m (13 ft 6 in),4.12 m (13 ft 6 in),4.14 m (13 ft 7 in),4.16 m (13 ft 8 in)
F,0.51—0.56 m (1 ft 8 in-—1 ft 10 in),,,
G,4.11 m (13 ft 6 in),,,
H,Shading = #c0c0c0 Standard Unloading Auger Boot,,,
8.68 m (28 ft 6 in),Not Applicable,9.39 m (30 ft 10 in),10.10 m (33 ft 2 in)
Shading = #c0c0c0 Active Unloading Auger Boot,,,
8.77 m (28 ft 9 in),8.91 m (29 ft 3 in),9.48 m (31 ft 1 in),10.19 m (33 ft 5 in)
I,Shading = #c0c0c0 Standard Unloading Auger Boot,,,
5.71—5.76 m (18 ft 9 in—18 ft 11 in),Not Applicable,5.92—5.97 m (19 ft 5 in—19 ft 7 in),6.13—6.18 m (20 ft 1 in—20 ft 3 in)
Shading = #c0c0c0 Active Unloading Auger Boot,,,
5.85—5.91 m (19 ft 2 in—19 ft 5 in),5.89—5.95 m (19 ft 4 in—19 ft 6 in),6.06—6.12 m (19 ft 11 in—20 ft 1 in),6.27—6.33 m (20 ft 7 in—20 ft 9 in)
J,Shading = #c0c0c0 Standard Unloading Auger Boot,,,
4.87—4.92 m (16 ft 0 in—16 ft 2 in),Not Applicable,5.08—5.13 m (16 ft 8 in—16 ft 10 in),5.29—5.34 m (17 ft 4 in—17 ft 6 in)
Shading = #c0c0c0 Active Unloading Auger Boot,,,
5.35—5.40 m (17 ft 7 in—17 ft 9 in),5.39—5.44 m (17 ft 8 in—17 ft 10 in),5.56—5.61 m (18 ft 3 in—18 ft 5 in),5.77—5.82 m (18 ft 11 in—19 ft 1 in)
K Dimension is measured 1.22 m (4 ft) from the grain spill point. This represents the unloading auger when centered over the grain cart.,Shading = #c0c0c0 Standard Unloading Auger Boot,,,
5.10—5.15 m (16 ft 9 in—16 ft 11 in),Not Applicable,5.31—5.36 m (17 ft 5 in—17 ft 7 in),5.52—5.57 m (18 ft 1 in—18 ft 3 in)
Shading = #c0c0c0 Active Unloading Auger Boot,,,
5.13—5.18 m (16 ft 10 in—17 ft 0 in),5.17—5.22 m (17 ft 0 in—17 ft 2 in),5.34—5.39 m (17 ft 6 in—17 ft 8 in),5.55—5.60 m (18 ft 3 in—18 ft 5 in)
"L Due to the different tire configurations, row spacings, axle configurations, wheel offsets, axle positions, and spindles types, machine widths vary. Measurements given in chart are for minimum and maximum widths. For more detailed width information, see your John Deere dealer.",Shading = #c0c0c0 Front Tires,,Shading = #c0c0c0 Rear Tires,
4.03—5.61 m (13 ft 3 in—18 ft 5 in),,4.15—4.90 m (13 ft 7 in—16 ft 1 in),

|  Emissions Label Family  |  CO₂ Result  |
------------,------------
Shading = #c0c0c0 _JDXL02.9323,Shading = #c0c0c0 952 g/kW-hr
_JDXL02.9327,784 g/kW-hr
Shading = #c0c0c0 _JDXL04.5337,Shading = #c0c0c0 819 g/kW-hr
_JDXL04.5338,682 g/kW-hr
Shading = #c0c0c0 _JDXL04.5304,Shading = #c0c0c0 1004 g/kW-hr
_JDXN04.5174,792 g/kW-hr
Shading = #c0c0c0 _JDXL06.8324,Shading = #c0c0c0 720 g/kW-hr
_JDXL06.8328,683 g/kW-hr
Shading = #c0c0c0 _JDXL06.8336,Shading = #c0c0c0 701 g/kW-hr
_JDXN06.8175,771 g/kW-hr
Shading = #c0c0c0 _JDXL09.0319,Shading = #c0c0c0 646 g/kW-hr
_JDXL09.0325,695 g/kW-hr
Shading = #c0c0c0 _JDXL09.0329,Shading = #c0c0c0 657 g/kW-hr
_JDXL09.0333,650 g/kW-hr
Shading = #c0c0c0 _JDXL13.5326,Shading = #c0c0c0 684 g/kW-hr
_JDXL13.6320,651 g/kW-hr
Shading = #c0c0c0 _JDXL13.5340,Shading = #c0c0c0 632 g/kW-hr
_JDXL18.0341,683 g/kW-hr
Shading = #c0c0c0 F28,Shading = #c0c0c0 870 g/kW-hr
F32,710 g/kW-hr
Shading = #c0c0c0 F33,Shading = #c0c0c0 677 g/kW-hr

|    Logo  **U.S. AND CANADA EMISSION CONTROL WARRANTY STATEMENT****YOUR WARRANTY RIGHTS AND OBLIGATIONS**  |
------------
"To determine if the John Deere engine qualifies for the additional warranties set forth below, look for the ""Emissions Control Information"" label located on the engine. If the engine is operated in the United States or Canada and the Emissions Control information label states: ""This engine complies with US EPA regulations for nonroad and stationary diesel engines”, or “This engine conforms to US EPA nonroad compression-ignition regulations”, refer to the ""U.S. and Canada Emission Control Warranty Statement."" If the engine is operated in California, and the label states: ""This engine complies with US EPA and CARB regulations for nonroad diesel engines”, or “This engine conforms to US EPA and California nonroad compression-ignition emission regulations”, also refer to the ""California Emission Control Warranty Statement.”   Warranties stated on this certificate refer only to emissions-related parts and components of your engine. The complete engine warranty, less emissions-related parts and components, is provided separately. If you have any questions about your warranty rights and responsibilities, you should contact John Deere at 1-319-292-5400."

|  |  Deere Open Source Compliance Team  |
------------,------------
,P.O. Box 1202
,"Moline, IL 61266-1202 USA"

"|  Bolt or Screw Size  |  SAE Grade 1Grade 1 applies for hex cap screws over 6 in (152 mm) long, and for all other types of bolts and screws of any length.  | | | |  SAE Grade 2Grade 2 applies for hex cap screws (not hex bolts) up to 6 in (152 mm) long.  | | | |  SAE Grade 5, 5.1 or 5.2  | | | |  SAE Grade 8 or 8.2  | | | |"
------------,------------,------------,------------,------------,------------,------------,------------,------------,------------,------------,------------,------------,------------,------------,------------,------------
"Hex HeadHex head column values are valid for ISO 4014 and ISO 4017 hex head, ISO 4162 hex socket head, and ISO 4032 hex nuts.",,"Flange HeadHex flange column values are valid for ASME B18.2.3.9M, ISO 4161, or EN 1665 hex flange products.",,"Hex HeadHex head column values are valid for ISO 4014 and ISO 4017 hex head, ISO 4162 hex socket head, and ISO 4032 hex nuts.",,"Flange HeadHex flange column values are valid for ASME B18.2.3.9M, ISO 4161, or EN 1665 hex flange products.",,"Hex HeadHex head column values are valid for ISO 4014 and ISO 4017 hex head, ISO 4162 hex socket head, and ISO 4032 hex nuts.",,"Flange HeadHex flange column values are valid for ASME B18.2.3.9M, ISO 4161, or EN 1665 hex flange products.",,"Hex HeadHex head column values are valid for ISO 4014 and ISO 4017 hex head, ISO 4162 hex socket head, and ISO 4032 hex nuts.",,"Flange HeadHex flange column values are valid for ASME B18.2.3.9M, ISO 4161, or EN 1665 hex flange products.",
,Shading = #c0c0c0 **N·m**,Shading = #c0c0c0 **lb·in**,Shading = #c0c0c0 **N·m**,Shading = #c0c0c0 **lb·in**,Shading = #c0c0c0 **N·m**,Shading = #c0c0c0 **lb·in**,Shading = #c0c0c0 **N·m**,Shading = #c0c0c0 **lb·in**,Shading = #c0c0c0 **N·m**,Shading = #c0c0c0 **lb·in**,Shading = #c0c0c0 **N·m**,Shading = #c0c0c0 **lb·in**,Shading = #c0c0c0 **N·m**,Shading = #c0c0c0 **lb·in**,Shading = #c0c0c0 **N·m**,Shading = #c0c0c0 **lb·in**
1/4,3.1,27.3,3.2,28.4,5.1,45.5,5.3,47.3,7.9,70.2,8.3,73.1,11.2,99.2,11.6,103
,,,,,,,,,,,,,Shading = #c0c0c0 **N·m**,Shading = #c0c0c0 **lb·ft**,Shading = #c0c0c0 **N·m**,Shading = #c0c0c0 **lb·ft**
5/16,6.1,54.1,6.5,57.7,10.2,90.2,10.9,96.2,15.7,139,16.8,149,22.2,16.4,23.7,17.5
,,,,,,,,,Shading = #c0c0c0 **N·m**,Shading = #c0c0c0 **lb·ft**,Shading = #c0c0c0 **N·m**,Shading = #c0c0c0 **lb·ft**,,,,
3/8,10.5,93.6,11.5,102,17.6,156,19.2,170,27.3,20.1,29.7,21.9,38.5,28.4,41.9,30.9
,,,,,Shading = #c0c0c0 **N·m**,Shading = #c0c0c0 **lb·ft**,Shading = #c0c0c0 **N·m**,Shading = #c0c0c0 **lb·ft**,,,,,,,,
7/16,16.7,148,18.4,163,27.8,20.5,30.6,22.6,43,31.7,47.3,34.9,60.6,44.7,66.8,49.3
,Shading = #c0c0c0 **N·m**,Shading = #c0c0c0 **lb·ft**,Shading = #c0c0c0 **N·m**,Shading = #c0c0c0 **lb·ft**,,,,,,,,,,,,
1/2,25.9,19.1,28.2,20.8,43.1,31.8,47,34.7,66.6,49.1,72.8,53.7,94,69.3,103,75.8
9/16,36.7,27.1,40.5,29.9,61.1,45.1,67.5,49.8,94.6,69.8,104,77,134,98.5,148,109
5/8,51,37.6,55.9,41.2,85,62.7,93.1,68.7,131,96.9,144,106,186,137,203,150
3/4,89.5,66,98,72.3,149,110,164,121,230,170,252,186,325,240,357,263
7/8,144,106,157,116,144,106,157,116,370,273,405,299,522,385,572,422
1,216,159,236,174,216,159,236,174,556,410,609,449,785,579,860,634
1-1/8,305,225,335,247,305,225,335,247,685,505,751,554,1110,819,1218,898
1-1/4,427,315,469,346,427,315,469,346,957,706,1051,775,1552,1145,1703,1256
1-3/8,564,416,618,456,564,416,618,456,1264,932,1386,1022,2050,1512,2248,1658
1-1/2,743,548,815,601,743,548,815,601,1665,1228,1826,1347,2699,1991,2962,2185
"The nominal torque values listed are for general use only with the assumed wrenching accuracy of 20%, such as a manual torque wrench. DO NOT use these values if a different torque value or tightening procedure is given for a specific application. For lock nuts, for stainless steel fasteners, or for nuts on U-bolts, see the tightening instructions for the specific application.",,,,,,,,,"Replace fasteners with the same or higher property class. If higher property class fasteners are used, tighten these to the strength of the original.",,,,,,,
"Make sure that fastener threads are clean. Apply a thin coat of Hy-Gard™ or equivalent oil under the head and on the threads of the fastener, as shown in the following image. Be conservative with the amount of oil to reduce the potential for hydraulic lockup in blind holes due to excessive oil. Properly start thread engagement.",,,,,,,,,,,,,,,,
Lubricant Locations,,,,,,,,,,,,,,,,

|  Bolt or Screw Size  |  Class 4.8  | | | |  Class 8.8 or 9.8  | | | |  Class 10.9  | | | |  Class 12.9  | | | |
------------,------------,------------,------------,------------,------------,------------,------------,------------,------------,------------,------------,------------,------------,------------,------------,------------
"Hex HeadHex head column values are valid for ISO 4014 and ISO 4017 hex head, ISO 4162 hex socket head, and ISO 4032 hex nuts.",,"Flange HeadHex flange column values are valid for ASME B18.2.3.9M, ISO 4161, or EN 1665 hex flange products.",,"Hex HeadHex head column values are valid for ISO 4014 and ISO 4017 hex head, ISO 4162 hex socket head, and ISO 4032 hex nuts.",,"Flange HeadHex flange column values are valid for ASME B18.2.3.9M, ISO 4161, or EN 1665 hex flange products.",,"Hex HeadHex head column values are valid for ISO 4014 and ISO 4017 hex head, ISO 4162 hex socket head, and ISO 4032 hex nuts.",,"Flange HeadHex flange column values are valid for ASME B18.2.3.9M, ISO 4161, or EN 1665 hex flange products.",,"Hex HeadHex head column values are valid for ISO 4014 and ISO 4017 hex head, ISO 4162 hex socket head, and ISO 4032 hex nuts.",,"Flange HeadHex flange column values are valid for ASME B18.2.3.9M, ISO 4161, or EN 1665 hex flange products.",
,Shading = #c0c0c0 **N·m**,Shading = #c0c0c0 **lb·in**,Shading = #c0c0c0 **N·m**,Shading = #c0c0c0 **lb·in**,Shading = #c0c0c0 **N·m**,Shading = #c0c0c0 **lb·in**,Shading = #c0c0c0 **N·m**,Shading = #c0c0c0 **lb·in**,Shading = #c0c0c0 **N·m**,Shading = #c0c0c0 **lb·in**,Shading = #c0c0c0 **N·m**,Shading = #c0c0c0 **lb·in**,Shading = #c0c0c0 **N·m**,Shading = #c0c0c0 **lb·in**,Shading = #c0c0c0 **N·m**,Shading = #c0c0c0 **lb·in**
M6,3.6,31.9,3.9,34.5,6.7,59.3,7.3,64.6,9.8,86.7,10.8,95.6,11.5,102,12.6,112
,,,,,,,,,Shading = #c0c0c0 **N·m**,Shading = #c0c0c0 **lb·ft**,Shading = #c0c0c0 **N·m**,Shading = #c0c0c0 **lb·ft**,Shading = #c0c0c0 **N·m**,Shading = #c0c0c0 **lb·ft**,Shading = #c0c0c0 **N·m**,Shading = #c0c0c0 **lb·ft**
M8,8.6,76.1,9.4,83.2,16.2,143,17.6,156,23.8,17.6,25.9,19.1,27.8,20.5,30.3,22.3
,,,Shading = #c0c0c0 **N·m**,Shading = #c0c0c0 **lb·ft**,Shading = #c0c0c0 **N·m**,Shading = #c0c0c0 **lb·ft**,Shading = #c0c0c0 **N·m**,Shading = #c0c0c0 **lb·ft**,,,,,,,,
M10,16.9,150,18.4,13.6,31.9,23.5,34.7,25.6,46.8,34.5,51,37.6,55,40.6,60,44.3
,Shading = #c0c0c0 **N·m**,Shading = #c0c0c0 **lb·ft**,,,,,,,,,,,,,,
M12,—,—,—,—,55,40.6,61,45,81,59.7,89,65.6,95,70.1,105,77.4
M14,—,—,—,—,87,64.2,96,70.8,128,94.4,141,104,150,111,165,122
M16,—,—,—,—,135,99.6,149,110,198,146,219,162,232,171,257,190
M18,—,—,—,—,193,142,214,158,275,203,304,224,322,245,356,263
M20,—,—,—,—,272,201,301,222,387,285,428,316,453,334,501,370
M22,—,—,—,—,365,263,405,299,520,384,576,425,608,448,674,497
M24,—,—,—,—,468,345,518,382,666,491,738,544,780,575,864,637
M27,—,—,—,—,683,504,758,559,973,718,1080,797,1139,840,1263,932
M30,—,—,—,—,932,687,1029,759,1327,979,1466,1081,1553,1145,1715,1265
M33,—,—,—,—,1258,928,1398,1031,1788,1319,1986,1465,2092,1543,2324,1714
M36,—,—,—,—,1617,1193,1789,1319,2303,1699,2548,1879,2695,1988,2982,2199
"The nominal torque values listed are for general use only with the assumed wrenching accuracy of 20%, such as a manual torque wrench. DO NOT use these values if a different torque value or tightening procedure is given for a specific application. For lock nuts, for stainless steel fasteners, or for nuts on U-bolts, see the tightening instructions for the specific application.",,,,,,,,,"Replace fasteners with the same or higher property class. If higher property class fasteners are used, tighten these to the strength of the original.",,,,,,,
"Make sure that fastener threads are clean. Apply a thin coat of Hy-Gard™ or equivalent oil under the head and on the threads of the fastener, as shown in the following image. Be conservative with the amount of oil to reduce the potential for hydraulic lockup in blind holes due to excessive oil. Properly start thread engagement.",,,,,,,,,,,,,,,,
Lubricant Locations,,,,,,,,,,,,,,,,

|  1  |  Manufacturer Code  |  Harvesting Manufacturing Facilities  | |
------------,------------,------------,------------
CQ - John Deere Horizontina H0 - John Deere Harvester Works EK - John Deere Orenburg KM - Machinenfabrik Kemper GmbH & Co. KG PY - John Deere India Pvt. Ltd,"SA - SABO Maschinenfabrik GmbH YC - John Deere (Jiamusi) Agricultural Machinery Co., Ltd. YH - John Deere (Harbin) Agriculture Machinery Co., Ltd Z0 - John Deere Werke Zweibrucken"
2,Machine Model Identifier,,
3,Model Identifier Suffix Machine Configuration Code Additional Machine Information,,"Example: N, T, W, etc."
4,Check Letter,,"Example: A, B, C, D, etc."
5,Calendar Year of Manufacture,,Refer to Year of Manufacture Code table
6,Additional Information,,
7,Manufacturing Serial Number,,"Example: 000001, 000127, etc."

|  **Year of Manufacture Code**  | | | | | | | | |
------------,------------,------------,------------,------------,------------,------------,------------,------------
**Year**,,**Code**,**Year**,**Code**,**Year**,**Code**,**Year**,**Code**
2008,,8,2018,J,2028,W,2038,8
2009,,9,2019,K,2029,X,2039,9
2010,,A,2020,L,2030,Y,2040,A
2011,,B,2021,M,2031,1,2041,B
2012,,C,2022,N,2032,2,2042,C
2013,,D,2023,P,2033,3,2043,D
2014,,E,2024,R,2034,4,2044,E
2015,,F,2025,S,2035,5,2045,F
2016,,G,2026,T,2036,6,2046,G
2017,,H,2027,V,2037,7,2047,H

